comment_id,username,text,created_at_utc,like_count
17942279211025487,nikkijblazaro,ğŸ˜¢ğŸ˜¢,2025-09-08 11:54:30+00:00,0
17916805491172606,mayyyaaa55,kasuhan na bakit kasi pinapatagal pa,2025-09-08 10:59:06+00:00,0
18073485872032680,_vhsg75,"Praying for you sir, na lagi kang healthy para magampanan  mo ng maayos ung trabaho na binigay sayo para mapabuti ang sambayanang Pilipino God bless!",2025-09-08 12:12:51+00:00,0
17858349186498231,elvzav,"kaya nga dapat may makasuhan na ano pa bang kailangan , ibalik ang pera",2025-09-08 09:34:28+00:00,0
18036365528480441,ethelguarin,God bless you po Sir. Praying na gabayan ka at protektahan ka ni Lord para maiayos ang katiwalian at managot ang dapat managot sa DPWH. ğŸ™ğŸ™ğŸ™,2025-09-08 16:39:16+00:00,0
18088039546840888,ira.corner2024,Nakakahiya na talaga,2025-09-08 12:22:06+00:00,0
18418778929111441,iamgatch69,"Kasuhan na agad before they â€œescapeâ€ and hide their loot and bank accounts, issue hold departure order",2025-09-08 09:43:26+00:00,0
18020614385561743,jujugomezampa,Dapat yang mag asawa makulong at ibalik ang pera ng bayan,2025-09-09 00:28:08+00:00,0
18093722881674267,micky_a.k.a_tnm,Yun ang problema wala nang tiawala ang tao sayo,2025-09-08 12:47:56+00:00,0
18063936110040564,jujugomezampa,Small but terrible ğŸ‘ğŸ‘ğŸ‘ğŸ‘,2025-09-09 00:27:43+00:00,0
18062946059523177,juicytruthgum,"Di ka binoto ng buong ankan namin, BBM, pero happy kami sa mga moves mo lately. Sana tuloy tuloy na mali kami.",2025-09-15 01:38:57+00:00,0
17920926462150038,cewster_,Tapos bigla akong na gising.. Panaginip lang pala ğŸ˜‚,2025-09-15 02:43:48+00:00,0
18040269017422790,renemagdaluyo,Buwagin na ang DPWH,2025-09-15 01:39:23+00:00,0
17867360406378232,jamconcepcion.11,,2025-09-15 01:46:22+00:00,0
18079730554784034,karloztin,Maniniwala lang ako sa Presidente pag bumaba na si House Speaker Romualdez sa kanyang pwesto. ğŸ˜‚,2025-09-15 02:03:43+00:00,0
18384897961125545,ramonster1195,Walang makukulong dyan! Pinas to eh!,2025-09-15 02:30:16+00:00,0
18066285731261592,itsmiccamicca,Hay ewan pinababango lang nya sarili nya..,2025-09-15 02:42:54+00:00,0
17965449785959234,lorabatesebastian,Words are easy. Kelan ang aksyon?,2025-09-15 02:19:44+00:00,0
18401693200187057,kura6eru,The untouchable will be touchedğŸ¤£,2025-09-15 01:36:25+00:00,0
18053492903545147,jerwin6330,nice para naman ibang issue nanaman ibato ng mga DDS sa pangulo hanap ulit sila ng paninira sa gobyerno at pangulo nyan haha,2025-09-15 01:55:28+00:00,0
17976813089761470,jennylyssaaban,huwag na huwag niyo galitin ang taong bayan!!,2025-09-15 02:06:36+00:00,0
17876347263406783,mackay_75,"I hope so , because we are watching the hearing and it seems like â€¦ not right",2025-09-15 01:56:31+00:00,0
18080332042987867,stephlavz,Ang bagal bagal nyo!!! Puro hearing nalang ba til 2030?!! ğŸ˜ğŸ˜’,2025-09-15 02:40:39+00:00,0
18086737108860095,johnglenn274,"TUMBUKIN NA AGAD ANG PINAKA PUNO. Hindi naman KIKILOS yang mga career officials na yan kung ealang basbas ng Isang either appointive or elected official. Alam ng taumbayan yan. Hindi nga lang kumukilos ang PILIPINO dahil ayaw na ma sangkot sa gulo. Pinapatay nyo kasi, tinatapon sa Taal. Pero mag ingat na kayo mula ngayon. Darating dito ang Indonesian & Nepalese style kapag di kayo umayos.",2025-09-15 01:44:54+00:00,0
18305663944221255,_gibbysonnsei,"Really? Then, invite Zaldy Co and Martin Rumualdez in the court to be interrogated if that's really true. ğŸ”¥",2025-09-15 02:16:25+00:00,0
18125604478487280,mabuhay1994,Kuwento mo yan eh. #bangagrepublic,2025-09-17 05:04:25+00:00,0
17937410670077950,wifenichief,Weeehhhh??? D nga?!ğŸ˜‚,2025-09-15 13:13:42+00:00,0
18093205393708304,mariagdacara,ğŸ‘ğŸ‘ğŸ‘,2025-09-15 10:44:39+00:00,0
18154842466389036,theycallme_tech,Sana,2025-09-15 10:19:35+00:00,0
17858914875500535,6fitz_under,ğŸ˜‚,2025-09-15 09:46:42+00:00,0
18037627370477002,_notaverieee,Boooooo,2025-09-15 09:30:20+00:00,0
18077019005289802,noraisalim28,Make sure at hnd baliktad kc hnd tanga mga taong bayan may srili dng cla pag iicp at nkkta lht ng corrupt konti mali mulng bbm babalik yn lhat syu,2025-09-15 07:24:13+00:00,0
17944692882024766,iamathena789,Baba,2025-09-15 06:57:02+00:00,0
18018769871757536,robertvinarao,Maniniwala kami kung sibakin mo si romualdez.,2025-09-15 05:29:42+00:00,0
17962288592825004,emilouborja,"Ayan nanaman ang AL-AL nya, pero makikita naman naten ang kilos nyan in the end.. ğŸ˜‚",2025-09-15 05:23:28+00:00,0
18077893012976420,bow_ams,Sure?ğŸ˜‚,2025-09-15 04:23:39+00:00,0
18087252868674597,glen______18,Baâ€™t ang tagal? ğŸ˜‚ Dami mong drama BBM!,2025-09-15 03:57:25+00:00,0
18117026410512513,mark.skyking,Make it happen ğŸ™Œ,2025-09-15 03:55:19+00:00,0
17906340384244392,aylabsyuu,Tologo long,2025-09-15 03:41:08+00:00,0
17901812544255303,walklc,Tanggalin mo na kasi yang pinsan mong di binoto. Pampasira lang yanğŸ˜’,2025-09-15 03:34:50+00:00,0
18075951527092296,se.rdar1220,Bong bong is the biggest elephant in the house,2025-09-15 03:28:03+00:00,0
18056350733170782,melaniesucculent,You will not be spared Bbm kasi ikaw ang mastermind ng pagnnkaw..santo antitoxin ka pero napaka demonyo mo,2025-09-15 03:27:44+00:00,0
18175957174356286,gwaceyvez,Siguraodhin mo bongbong,2025-09-15 03:06:32+00:00,0
18079390190058705,rjmendoz,After 6 months all is gotten.  Happy days are here again.,2025-09-15 03:06:04+00:00,0
18024064151748644,bornok1963,Sige nga,2025-09-15 03:04:49+00:00,0
18078073601298780,jhemsni,"pustahan at the end of all this,small fry are persecuted while the bigger fish are free",2025-09-15 02:58:01+00:00,0
18069710434945952,meraki_aesthetic01,Ibaba sa pwesto mas maniniwala pako,2025-09-15 02:43:15+00:00,0
18039045011460630,biboy1948,Weh? Remulla lang katapat mo e ğŸ˜‚ğŸ˜‚ğŸ˜‚,2025-09-15 02:27:57+00:00,0
18285194737287412,luis.apacible,weh di nga ğŸ˜‚,2025-09-15 02:23:58+00:00,0
18090693364699020,bolex____,iboboto kita kahit sampung beses pagka naipakulong mo c zaldy at martinğŸ˜œ,2025-09-15 02:20:09+00:00,0
17921991837147043,denbulatao,Maniniwala lang ako na hindi ito isang palabas lang kung talaga mapakukong nya sina Martin Romualdez at Zaldy Co ng habambuhay at walanv piyansa.,2025-09-15 02:14:40+00:00,0
17849008524528928,cynthiareyesescalante,"Sana nga totoo ang sinabi ni President BBM, katarungan ang pairalinğŸ™ğŸ¼ğŸ™ğŸ¼",2025-09-15 02:03:03+00:00,0
18068341001184047,ace_1995,"Pag sure lang po Mr. President, aasahan po namin yan",2025-09-15 01:59:55+00:00,0
18059047508527363,almaurbien,Eto n pinkamsyang newsğŸ™ŒğŸ‘,2025-09-15 01:44:04+00:00,0
18056252054621961,00hershey00,Yeah right,2025-09-15 01:42:34+00:00,0
18385983211124101,lazziefaire,And then what? What will happen to the rest? What will happen to the money?,2025-09-15 03:33:41+00:00,0
18040509203427828,johnnyaye7,Alcantara di kasama? Ibang Distrito malinis ba? May nag tatanong na bata sa barangay namin,2025-09-15 01:35:44+00:00,0
18096079117725600,geruldistired,and henry alcantara???,2025-09-15 01:21:50+00:00,0
18040158671423433,ping.peri,E  si DE Alcantara? utusan lang ang mga eto a!,2025-09-15 03:05:57+00:00,0
18075691039864975,wellah_wellah,How about Alcantara???,2025-09-15 02:00:35+00:00,0
18324330052237936,cherrieadg,Leave credits should be forfeited too,2025-09-17 08:24:51+00:00,0
17978946620911823,happyanimalsclub,Why is it so cumbersome to fire obvious criminals ğŸ˜©,2025-09-15 01:23:20+00:00,0
18384354424126978,rebyfiguer,Alcantara,2025-09-15 01:30:57+00:00,0
17970746201932092,gypsy_lurker_,grabe yang mga ambon ambon lang kinakasuhan nyo pero ung mga daang milyon ang kickback na politiko wala kayong bayag na imbestigahan!,2025-09-15 06:12:50+00:00,0
17968932131951676,peaceful_.earth.dropz,Papano ang mga bank account ni Martin Romualdez at Zaldy .. Mga naipundar at share . Balita ko bumili nang share sa ABS CBN ğŸ¤®ğŸ¤®ğŸ¤®ğŸ¤®,2025-09-16 12:12:49+00:00,0
17880879531387738,living_life_full_888,"25 cases. 
May kasamang Senatongs? Tongressmen?",2025-09-12 13:40:03+00:00,0
18072375710276021,instag_rama24,Yun lang? ğŸ˜‚lol,2025-09-12 05:43:08+00:00,0
18099291385615899,bombomcortel,may congressman na ba?,2025-09-12 21:19:48+00:00,0
17961394289828667,bombomcortel,pls name the 25,2025-09-12 21:19:20+00:00,0
18023429585735229,aadj_jr,Nice,2025-09-12 00:46:22+00:00,0
18022367687551622,santosjohnnell,Start with the senators and congressmen,2025-09-11 23:56:01+00:00,0
18075406280515668,visionviews___,Lahat nh mga administration ni bbm imbestigahan,2025-09-13 13:53:52+00:00,0
18067569749190988,cdonnelly.yoginp,Pano naman ang mga senador at kongresista?,2025-09-13 22:56:25+00:00,0
18041283398656783,itsgemini.aehris,"VOX POPULI, VOX DEIğŸ¥º",2025-09-12 02:50:11+00:00,0
18528784168044249,mackdhonorable,Check nyo po ang Tarlac at Bohol flood control projects. Tiba tiba din ang DPWH engineers at congressmen dito. Iisang family lang ang constractor at congressman,2025-09-12 02:13:18+00:00,0
18136379578436319,regina.queenly,"based on the justice system in PH, the people behind these anomalies will only be formally charged and put to prison in around 18 years. saklap, by then hindi na trending ang balitang ito. at nakalimot na ang lahat. 

hindi naman sa masama ako, pero i think these politicians and contractors never thought of how the families impacted suffered on a day to day basis - gutom, baha, death, etc. Hence, the families of these politicians and contractors deserve the same suffering. p@kyu kayong lahat.",2025-09-12 03:26:58+00:00,0
18501736726071920,tom_leon2,Hurry up so we can get the korean investment for the shipyard,2025-09-12 04:59:49+00:00,0
18069584294227014,illusushina,Pero murder may bail??,2025-09-12 11:46:00+00:00,0
18541623172056214,ceef_gebe,"First,file a case to those congressmen involve! You only attack smaller fishesğŸ«©",2025-09-12 10:31:14+00:00,0
18305136709220815,flaneur_manila,They should include Bonoan,2025-09-12 00:01:37+00:00,0
18497254468067211,missbellemartin1987,"Hanggang nakaupo si Marcos Jr, Martin romualdez, mga galamay nila, kapartido  at ang angkan nila walang mangyayari. Tuloy tuloy ang korapsyon. Lahat itatago na nila!!! BBM at Romualdez RESIGN na kayo!!!! Dapat na kayong patalsikin!!!!Magresign na kayo!!!!! ğŸ˜¡ğŸ˜¡ğŸ˜¡ğŸ˜¡ğŸ˜¡ğŸ¤®ğŸ¤®ğŸ¤®ğŸ¤®ğŸ¤®ğŸ¤®",2025-09-13 04:34:12+00:00,0
18116369404515638,missbellemartin1987,"Sabi nga sa kanta, hanggang sila ang nasa tuktok hindi matatapos itong gulo. Kaya, hanggang si Marcos Jr at Martin Romualdez ang nakaupo hindi matatapos ang korapsyon. Resign kana Marcos Jr at Romualdez!!!! Wag nyo antayin ang people power!!! ğŸ‡µğŸ‡­ğŸ‡µğŸ‡­ğŸ‡µğŸ‡­ğŸ‡µğŸ‡­ğŸ‡µğŸ‡­ğŸ‡µğŸ‡­ğŸ‡µğŸ‡­ğŸ‡µğŸ‡­",2025-09-13 04:34:07+00:00,0
17907881844229917,skiglygin,Filipinos laugh at these hurdles thats happening in their government. Bending over and getting fucked in the ass paying taxes for decades to fuel these corrupt politicians lavish lifestyles seems like a joke to you all?  Theres nothing funny at this point that a normal person would think of but anger and rage.  What a sick fucking CUNT-ry your people have.,2025-09-12 17:00:58+00:00,0
18074841956091418,agl777.7777,"Teka teka pano c MARTIN AT ZALDY?? ibabaon na sa limot yung query ni cong tiangbco, WHO DID THE INSERTIONS?? Puro na lng DPWH? Ano yun nag insert cla martin at zaldy bilang kawang gawa lang??? Huy sbrang kupal na pilipinas",2025-09-11 23:42:46+00:00,0
18057561023568301,jayes_santos,More plz! Go back as far as you can. Put the money back into our purse. Make sure the thieves rot in jail! ğŸ”¥,2025-09-11 23:40:19+00:00,0
18051963902530780,bodval,What about the others â€¦??????,2025-08-17 09:17:39+00:00,0
17973149687919528,imgariandoelvin,Full force of law ehh sila yung LAW kaya ang hirap nilang e prosecute kaya I support the calling to change the system and sana magtayo ng Independent body for corruption like the CIPB (Corrupt Practices Investigation Bureau) of Singapore. Then bigyan ng mas malawak na kapangyarihan ang OBUDSMAN kasi napaka crucial ng role nila sa constitution and yet parang hindi natin ramdam na nandiyan sila.,2025-08-17 09:14:48+00:00,0
17971301204776345,iamjrsp52148,Inday Sarah left the group ğŸ˜‚ğŸ˜‚ğŸ˜‚ğŸ˜‚,2025-08-17 11:27:27+00:00,0
17982103085851344,johnoycruz,"Exciteing how Marcoleta will protect Go, Escudero, Villanieva from flood control projects controversy. ALL leads bacl to Du30. ğŸ‘ğŸ‘ğŸ‘",2025-08-17 09:47:53+00:00,0
17940724349922263,kirstensclothing,"Si joy and magalon balimbing din Yan, Kay vico lang ako naniniwala jan",2025-08-17 13:32:05+00:00,0
17890724595314924,akosiantoniomahalkita,Mayor Vico and Magalong are the best ğŸ‘,2025-08-17 12:44:03+00:00,0
18087480217692886,rdclav,Maraming MAGNANAKAW sa Congress at sila2 mismo ang nagmamay ari ng mga construction company at sobra2 ang kickback ng mga kawatan.,2025-08-17 12:03:58+00:00,0
18078476044756621,jennyblake2025,Ang congresso lang ang kontra sa ganyan dahil cgurado maraming makukulong. Mga crocodile,2025-08-17 08:49:47+00:00,0
18072451919289681,scotty22143,Tanggalin sa group sa Magalong. Ilang linggo na yang nagpupuputak pero wala namang pinapangalanan. BFF yan nina Duterte at Bantag,2025-08-17 09:00:26+00:00,0
18066699881233915,foxglove_wisteria,Malabong mahabol sanggang-dikit sila ng labing-siyam at ng santo ng mga DDS,2025-08-17 09:29:42+00:00,0
18289193320255449,james.reyes.5209,The rests should follow his lead (if they trully wanna serve the country)... Philippine government is so corrupt. Everyone has its own agenda for their own sake. Hope Mayor Vico will run for the highest position. Hopefully he will change the government for the greater good ğŸ™,2025-08-17 18:13:39+00:00,0
18048174032557642,thediannefrances,ğŸ¥°ğŸ¥°ğŸ¥°,2025-08-19 04:35:57+00:00,0
18021556820772941,kizhia14344,halatang tinitira ang mga ayaw s administrasyon sila namn ang grabeng corruption,2025-08-18 23:48:44+00:00,0
17984052005714715,ken.nuffsaid,@bongbongmarcos,2025-08-18 11:05:17+00:00,0
18073904684048992,cheliling,About time!!!,2025-08-18 08:18:10+00:00,0
17859564735416493,whyhatemariel,Wait natin Makati ğŸ˜…,2025-08-18 07:36:43+00:00,0
18098244775538061,msmayflowerss,Go!,2025-08-18 06:22:46+00:00,0
18025684367519129,ariannepiangco,I canâ€™t wait to see the corrupt officials to be prosecuted. Umpisahan na please!!!!,2025-08-18 05:48:34+00:00,0
18134738083439634,rpcboss,"Not only Mayors, kaming mamamayan ay ""FULL TRANSPARENCY"" ang kaylangan ipakita sa pagbabadyet at pag-gastos ng aming pera!",2025-08-18 04:13:53+00:00,0
18042008399345931,burneraccount2045,Sana imbestigahan din nila yung mga mayors na contractors. ğŸ˜‚,2025-08-18 00:11:10+00:00,0
18171224152346730,burneraccount2045,"Let us support the move of these mayors, mas ok na magtiwala sa mga ito imbes sa mga proven ng mga magnanakaw. ğŸ˜‚",2025-08-18 00:10:47+00:00,0
18054510656388109,willdg93,Bat hindi kasali ang mayor ng Davao jan?,2025-08-17 23:01:18+00:00,0
17897195154260642,jeremyadamhain,Believe it nothing will happen to this scandal. No a single corrupt politician or government agency will be accountable. We just watch all tax payers money drained down to their pockets. Should the president want a  to be remember to be at least one has done good for the country is crack this down and put them in jail. Start a massive corruption campaign he then will be put into the history of turning to a positive vote.,2025-08-17 21:18:22+00:00,0
18125292538475279,monikaloveabiera,"Yes yes yes, and death penalty too",2025-08-17 20:14:26+00:00,0
18116092819508103,villasenornimfa,I hope and pray that Mayor Vico would be the next president 2028.,2025-08-17 19:26:29+00:00,0
17910770226197000,antonsd,ğŸ‘ğŸ‘ğŸ‘,2025-08-17 18:51:23+00:00,0
18065027753214040,happy.pants,may more public official join this roster,2025-08-17 18:11:34+00:00,0
18036472514456576,emilianovinuya,"Dapat naman, kung hindi, puro nakaw nalang ang gagawin. Makakapal at walang kahihiyan ang politikong Pilipino.",2025-08-17 17:39:39+00:00,0
18093418042646738,marginomoto,PADAYUN LNG!,2025-08-17 16:06:04+00:00,0
17940999225022278,personae_ignorantae,Philippines is healing step by stepğŸ©·,2025-08-17 15:08:45+00:00,0
17866460253434049,suetosrose,Wala akong tiwala kay Magalong. Pinagtatangol nga niya c Duterte,2025-08-17 13:48:51+00:00,0
18036783623459298,naldasuncion,"Rotten Chiz, Villanueva... Lagot kayo!",2025-08-17 13:38:00+00:00,0
17920724457015601,xerocl,Dapat si marsi andian. Jusko si joy laging dagat ang qc,2025-08-17 12:40:46+00:00,0
17907378420198990,marieuia,â¤ï¸â¤ï¸â¤ï¸,2025-08-17 12:12:03+00:00,0
18066084449230974,itsmeannplata,"Proverbs 11:3, ""The integrity of the upright guides them, but the perversity of the faithless destroys them,"" emphasizing the destructive nature of corruption on an individual's character.",2025-08-17 10:43:23+00:00,0
18051121580445567,pugeot6,Tama na yun mga walang kwentang confidential funds!!!,2025-08-17 10:25:05+00:00,0
17968937990939813,imedgie_heisthejuan,Mayor Magalong hinog na siya para maging Presidente ng Pilipinas! Vico Sotto medyo weak pa. Pero darating din ang araw magiging hinog na siya. Kung gusto niyang maging Vice president ni Magalong!,2025-08-17 10:07:28+00:00,0
18076979365953931,christophertimpug,Nalimutan na mga missing sabungeros...,2025-08-17 10:06:16+00:00,0
17860788852407140,itsgiantcarlo,,2025-08-17 09:42:25+00:00,0
18322443298228474,evaviax,ğŸ™ŒğŸ™Œ,2025-08-17 09:40:22+00:00,0
18351909403091959,cokeintheclearing,We would like to know who the members are of this group. ğŸ‡µğŸ‡­,2025-08-17 09:33:06+00:00,0
17953866908989810,rumatg,ğŸ‘ğŸ‘ğŸ‘,2025-08-17 09:21:54+00:00,0
17998167437811525,earthboy0209,â¤ï¸â¤ï¸â¤ï¸â¤ï¸â¤ï¸,2025-08-17 09:10:04+00:00,0
18041646218347745,fanniee_03,ğŸ™ŒğŸ™ŒğŸ™ŒğŸ™ŒğŸ™Œ,2025-08-17 09:08:50+00:00,0
18279030826276788,__eric90,I trust this guyâ€™s POV. Heâ€™s good at it afterall,2025-08-21 17:44:25+00:00,0
18073292642101904,aadj_jr,Turuan na,2025-08-24 14:09:18+00:00,0
18081146929736121,rommeljs,Maliit lang Yan. Mas malaki dyan ang napupunta sa sponsoring senator and/or representative.,2025-08-21 10:49:35+00:00,0
18123416248469206,igtekto,Huh? Alam nya ba talaga function ng COA?,2025-08-22 02:06:24+00:00,0
17946876368896956,sixpostmeridiem,SPEAKING FROM PERSONAL EXPERIENCE,2025-08-21 10:57:56+00:00,0
18078254747296625,joey.fernandez6400,Galing pa sa yo ha. MANDARAMBONG!!,2025-08-23 13:41:55+00:00,0
17852763852518069,j_010217,Ay talaga ba ang linis nmn ng plunderer itself na anak din ng plunderer!!!! ğŸ˜‚ğŸ˜‚,2025-08-21 14:52:07+00:00,0
17891780064183056,pinggeee,,2025-08-22 02:22:25+00:00,0
18019998404733393,lytes_floresaqua,WOW ANONG GINAGAWA MO DYAN.. HOY WALANG KANG KREDIBILIDAD PARA MAGBUSISA SA KAMUKHA MONG MGA KAWATAN.... SAME LANG  LANG KAYO MGA PLUNDERER... ğŸ˜‚ğŸ˜‚ğŸ˜‚ğŸ˜‚ğŸ˜‚,2025-08-23 04:01:27+00:00,0
18075977644823097,mdumindin,How can investigate themselves? Sila un mga mandarambong.,2025-08-21 12:18:25+00:00,0
17935412697076731,frankie.madz,Broken system. Corrupt politicians. People suffer.,2025-08-21 20:56:33+00:00,0
18536454844061170,iiimsaaa,Ito na ata ang pinakamakapal ang mukha sa lahat. Pamilya din ng mga kawatan to e. ğŸ˜‚,2025-08-23 10:28:28+00:00,0
18076665331955344,jeff.ffej.90,Coming from convicted plunderer alam nya kasi na experience na nyağŸ˜‚,2025-08-22 04:49:54+00:00,0
18310008934244494,sugarleil,nag salita ang magaling na kawatan,2025-08-22 07:47:16+00:00,0
18076587445821322,hobettkho,Where is the coa pre and post audit report given to,2025-08-21 12:16:07+00:00,0
18019064441560729,spicycurrryy,Hayup ka jinggoy!! Kala ko hindi convicted amputa,2025-08-22 23:44:23+00:00,0
18132146398399909,zionsnow2019,"Isnâ€™t it ironic, donâ€™t you think? Jinggoy, the plunder master himself, whose father was also a plunderer, now speaks about other peopleâ€™s plundering. Haay why do we keep hitting ourselves in the head voting for Estradas, Marcoses, Dutertes, Romualdezes, Villars, Cayetanos, Tulfos (yes we remember the PTV 4 scam) et al. Anti-Dynasty bill must be passed through a peopleâ€™s initiative, and not through an act of Congress. Tama na.",2025-08-21 23:31:41+00:00,0
18070454243150349,bags168168,Dpat may makukulong sen tulad nyo before ha,2025-08-21 23:26:42+00:00,0
17924062848000281,scotty22143,Yung paulit ulit na ibinagay ang PDAF sa mga pekeng Foundations ni Napoles,2025-08-21 20:10:54+00:00,0
18122449867427963,regiminimilitantis,Binabanatan pabalik yung agency na nagpaconvict sa kanya! ğŸ˜‚ğŸ˜‚ğŸ˜‚,2025-08-21 13:06:18+00:00,0
18494294038066703,itsmeannplata,MAGSIPAG TRABAHO KAYO MGA NAKAUPO. MAHIYA NAMAN KAYO!!,2025-08-21 11:25:07+00:00,0
17845865007535396,arc47,"ung sa politiko nag simula pero naghahanap ka ng sisisihin, hehehe, ano dapat COA lng sisihin sa lahat kasi hindi kayo na check ng mabuti, kung ako sa COA dapat ituro nila lahat yan, kasi sila isasangkalang ng mga corrupt na nagbibigay ng pondo sa mga project kuno!!! Damay damay na dapat!!",2025-08-21 10:51:34+00:00,0
18394859665185931,pyleontology,The protectors of corruption will investigate corruption. ğŸ˜‚ğŸ˜‚ğŸ˜‚,2025-08-21 10:35:09+00:00,0
18064128992586188,ollypopsicle,Grabe!!! Korapsyon hanggang langit! O impyerno!,2025-09-16 17:31:57+00:00,0
18057479075420050,schaidenfreude,"Still waiting for the first one to either go to jail, or return the money, or do the rework on these flood control projects! Stop acting like enough na yung palabas niyo sa TV - we need accountability. And that means doing the right thing after you mess up!",2025-09-16 16:30:33+00:00,0
18067097783262511,darmcwy,Grabe gahaman talaga. Wala ng konsensya gumawa nyan,2025-09-16 16:44:13+00:00,0
17853247332539362,itsriarich,GISING PILIPINAS!!!!,2025-09-17 00:27:27+00:00,0
18084356728902233,feli.sa1456,laganap pala buong Pilipinas,2025-09-16 16:34:41+00:00,0
18097020679630197,bae_marea,di man lang kayo nag sama ng professional para ma explain sa inyo ang tawag po kasi dyan is weep hole or drain hole ğŸ˜‚,2025-09-17 03:59:40+00:00,0
18109495147559144,12bmp12,May makukulong na ba?,2025-09-16 17:46:51+00:00,0
18071189728906554,alexvlapa,"The time and effort to even make fake props, talagang may intent na mang gago. Sana ginawa na lang tama in the first place since nag abala na sila. Di man lang mediocre but functioning. They fully went out of their way para lang manloko.",2025-09-16 22:19:57+00:00,0
17849983344555466,b0mb3t,Ituloy nyo imbestigasyon sa buong Pilipinas marami pa kayo mahuhukay na nakawan.,2025-09-16 22:13:32+00:00,0
18093191041706249,npvllmr,Ibang klase talaga,2025-09-16 16:25:29+00:00,0
17972903918934226,pierresd,"Suggestion lang kina Sec Dizon and Mayor Magalong, bring a full set of plans before you go and inspect a project. Those pipes are probably intended as weep holes para di maoversaturate ng tubig yung lupa sa ilalim. They also probably didn't follow the design for weepholes (usually may porous/permeable material before that)  pero saying na those are fake or props shows na kulang yung kaalaman nila on design and someone needs to help them learn.",2025-09-17 01:59:05+00:00,0
17902519821126289,bookneuron,GALIT NA GALIT NA ANG TAUMBAYAN!,2025-09-16 16:49:08+00:00,0
18001037033808237,leogregz,Ang gagaling ğŸ¤¬,2025-09-16 16:20:26+00:00,0
17983264448887326,dinahmay_sy,These govt people make me sick! Hindi kayo nahiya - pinapakain nyo sa pamilya nyo galing sa NAKAW!!! Kaya yan ng mga konsensya nyo???,2025-09-16 22:26:37+00:00,0
18327111490235615,pattychooo,ğŸ§ğŸ§ğŸ§ğŸ§ğŸ§ğŸ§ğŸ§ğŸ§ğŸ§ğŸ§ğŸ§ğŸ§ğŸ§ğŸ§ğŸ§ğŸ§ğŸ§ğŸ§ğŸ§ğŸ§ğŸ§ğŸ§,2025-09-16 16:39:00+00:00,0
18023718740538811,_jonh_rome,Dapat may makulong. Especially mga official ng gobyerno who were part of this heist. Kawawang Pilipinas. ğŸ’”ğŸ˜­,2025-09-17 15:14:07+00:00,0
18079227061984339,elashawarma,GRABE,2025-09-17 14:37:58+00:00,0
18086699965873574,jdynnaglln,Freeze and seize all the bank accounts ng mga sangkot sa corruption,2025-09-17 14:32:22+00:00,0
17928266709097783,all.about.kimrowi,at least add which contractor,2025-09-17 14:29:14+00:00,0
18080839360781919,jasaboco02,Kapal.Buhay ng tao at kabuhayan ang nakasalalay jan .Kala nyo di mabuking for life porke me nababayaran kayo matatatas na tao ha,2025-09-17 14:15:29+00:00,0
17858214969507294,its_christiano,The name silver wolves already sounds untrustworthy,2025-09-17 13:59:38+00:00,0
18075740198279413,justpassingthru003,Tokwa dregs...,2025-09-17 13:45:11+00:00,0
18477637288074358,aamandavillanueva,Whyyyy :(,2025-09-17 13:37:37+00:00,0
18018614318584809,hokrostum,FIRING SQUAD SANA PATI BUONG PAMILYA NILA,2025-09-17 13:07:16+00:00,0
17848045533560395,nimitz7,ğŸ¤¬ğŸ¤¬ğŸ¤¬ğŸ¤¬ğŸ¤¬ğŸ¤¬ğŸ¤¬ğŸ¤¬ğŸ¤¬,2025-09-17 11:47:45+00:00,0
18075826631286209,jubos_dedushka,You are all corrupt â—ï¸ğŸ–•ğŸ½ğŸ–•ğŸ½ğŸ–•ğŸ½,2025-09-17 11:37:42+00:00,0
17913154407196865,coritoparedes,Start the Judicial Process ! Put all those Guilty of Graft & Corruption to Death Penalty .,2025-09-17 11:36:30+00:00,0
17969050976958128,mariemarieschuck,"They donâ€™t really care about the country. Thereâ€™s no love or patriotism . To go through these lengths to deceive means they hate the people . They just care about taking as money as they can . They enter Government for the sole purpose of stealing and taking the resources for themselves. Thats their game and the better they are at lying , making alliances and hiding that money is what makes them â€™successfulâ€™ . Itâ€™s inevitable that these corrupt politicians and their families, their connections will have a tsunami of angry mob right outside their doorstep. Itâ€™s karmic retribution but the sad part of that is they left their karma/ legacy/ effect of incompetence, mediocrity, selfish ambition and corruption behind. I hope when the masses do get angry, it would be with purpose and they donâ€™t get carried away and put into power strong men authoritarian types. I hope we learn from this awful tragedy.",2025-09-17 11:11:21+00:00,0
17842000281583352,karloskaroskie,"It might surprise you, but this also happens in Australia. The construction companies then usually declare bankruptcy, which let's them escape consequences if they're an LLC and not an individual. Later they rename and reopen",2025-09-17 11:09:42+00:00,0
18071293538170403,mrunplugged,Mga demonyo kayong magnanakaw!,2025-09-17 10:35:11+00:00,0
17860229613492933,empiebau,ğŸ˜¡ğŸ¤¢ğŸ¤®ğŸ˜¡,2025-09-17 10:23:29+00:00,0
17849169117528038,romelloromellow,Weâ€™re at an age where you get what u voted for.,2025-09-17 10:19:07+00:00,0
18096294724653801,ron.baroqueviolin,Dapat ang managot na dyan ay local officials ng LGU.,2025-09-17 10:05:07+00:00,0
18096350827648603,mav9tail,If the problem is them dont depend on them to solve the peoples major corruption problem. Wake up Philippines this is our land.,2025-09-17 09:42:34+00:00,0
17934554469089624,mommynibeau,Make them accountable!!!,2025-09-17 09:41:49+00:00,0
17899184082272163,pareng.chanoy,Ipakulong na agad lahat ng nakapirma diyan sa Project na yan! Wag na sana magpaligoy ligoy pa. Kitang kita naman na yung pangloloko.,2025-09-17 09:27:19+00:00,0
18055542998575859,tetopcio2023,"Ano Yun, parang plastic langğŸ˜®",2025-09-17 09:24:43+00:00,0
18022877255548509,novs_g,Recover the funds and put the people responsible in jail,2025-09-17 08:59:18+00:00,0
18115761154519105,genmorata,Lahat na lang ng panggugulang,2025-09-17 08:57:36+00:00,0
18220103644310038,cherimei_17,Bumabaliktad yung tiyan ko jusko. Grabe sindikato,2025-09-17 08:49:19+00:00,0
18176495497348553,rachluvvv29,What the fugde,2025-09-17 08:38:25+00:00,0
17993302952832110,rrrrrrens,ğŸ˜‚ğŸ˜‚,2025-09-17 08:34:50+00:00,0
17930154317980121,jayortega_hq,ğŸ¤¬ğŸ¤¬ğŸ¤¬,2025-09-17 08:30:11+00:00,0
18043480628378359,mymy_625,That's for weep holes,2025-09-17 08:27:48+00:00,0
18145368214408650,7ngrakira,This guy is crazy hahahaha,2025-09-17 08:19:06+00:00,0
17912399157071561,ria.ahrt,Ang lala,2025-09-17 08:02:12+00:00,0
17961805529830355,ecxz99,OK lets start putting people through trial.,2025-09-17 08:00:34+00:00,0
18109642135488319,vanessa_abellera,Nakakasuka ang korapsyon sa Pilipinas! Ginawang joke ang mga Pilipino. ğŸ˜¢ğŸ˜¡,2025-09-17 07:47:55+00:00,0
18081057656477047,the_son_of_ben,"I'm no engineer nor do I condone the corruption but I'm pretty sure these are weep holes to prevent water build up behind the concrete (dry side). Without this it, would lead to the structures failure. If you think about it, why would a pipe go from one side to the other? It would defeat the purpose of keeping the water contained in the first place. In short, these free standing pipes serve a purpose. The execution and quality is another topic but these politicians should do a bit of research before critising but I expect these journalists to do some fact checking too. It's a bit poor in all honesty!",2025-09-17 07:34:38+00:00,0
18126094609482859,zessadelostsaint,Grabe na talaga to,2025-09-17 07:31:33+00:00,0
18061694606588525,whoaazi,grabe na,2025-09-17 07:22:02+00:00,0
18078123320058237,poqalakalakatalaga,Hahaha sige nga ipakulong nyo at dapat pati politiko ha,2025-09-17 07:20:32+00:00,0
18077459852076582,saring_,bagaag nawng ah,2025-09-17 07:19:08+00:00,0
18105018595581906,8bitnpc,Pambile ng kotse na may payong.,2025-09-17 07:07:51+00:00,0
17948184090019322,karicalamari,Thats craaaaazy,2025-09-17 07:07:14+00:00,0
17874420417419794,barkmission,not even substandard. absolutely useless,2025-09-17 06:33:11+00:00,0
18111819586539280,jedi_ary,Basin  Kutob ra sa inspeksyon ha pero walay ma preso na dakong tae ay tao diay.,2025-09-17 06:32:39+00:00,0
17987598758850263,aryentarg,"""Officials could not provide other details"" Lokohan na naman. Sino ba pinoprotektahan nyo?",2025-09-17 06:02:38+00:00,0
18531567688005232,ginnyguz,Public execution is what they deserve,2025-09-17 05:51:22+00:00,0
18053515712229974,jon_jahre.m3,Para kayong mga ulul dyan alam nyo naman kung sino mastermind pa imbestiga imbestiga Pa kayo,2025-09-17 05:35:17+00:00,0
17848200906534743,taratyron,GISING MGA PILIPINO!!!!! Pagdating kasi ng eleksyon ang dali niyo makalimot pag may matananggap ka 1k or moreğŸ˜‚ğŸ˜‚ğŸ˜‚,2025-09-17 05:23:52+00:00,0
17967205109951258,gangadalem,ğŸ˜¢ğŸ˜¢ğŸ˜¢ğŸ˜¢ğŸ˜¢,2025-09-17 04:48:12+00:00,0
18090918742745415,tanitzoabel,Mapapamura ka sa mga taga DPWH at sa mga contractor grrrrr,2025-09-17 04:45:51+00:00,0
18040383764429447,chafadul,May props pa talaga. Intensyong mangloko talaga ng mga kurap. Panagutin! Ikulong ang lahat ng napangalanan na!!,2025-09-17 04:41:42+00:00,0
17970161339943647,miguel_uy,Sinong mga naka pirma sa kontrata? Dapat sila managot.,2025-09-17 04:37:56+00:00,0
18528946072026468,kladeezia,Grabe yung gaguhan kahit si satanas mahihiya,2025-09-17 04:22:58+00:00,0
18104440141575947,lreyes777,"Harap harapan na tayo ginagago, p***ng ng ina nyong lahat.",2025-09-17 04:11:26+00:00,0
17956059228004887,carlaezequiel,Grabe,2025-09-17 04:07:30+00:00,0
18411420493113246,pkpcola,Pray for the Filipino people...fight.  The corruption is beyond comprehension and systematic,2025-09-17 03:41:17+00:00,0
17924988012134942,greenity7,Hndi paba ebedensya yan para mapkulong ang contractor? Harap harapan nanamn na gaguhan?,2025-09-17 03:19:16+00:00,0
17922339441139375,aclo.zz,-_-,2025-09-17 03:12:29+00:00,0
18018373547779148,mugnimayo,ğŸ˜‚ğŸ˜‚ğŸ˜‚,2025-09-17 03:00:56+00:00,0
17919373755156877,mergeronimo,We all know the shortcuts & shortchanging!!Time to punish all involved!!ğŸ˜¡ğŸ˜¡,2025-09-17 02:57:36+00:00,0
18081271054757873,bealedesma,Jail,2025-09-17 02:37:29+00:00,0
18076295831474704,bealedesma,Whoa thatâ€™s evil,2025-09-17 02:36:30+00:00,0
17915690031184860,lexipulhin,ğŸ˜¢ğŸ˜¢ğŸ˜¢,2025-09-17 02:32:26+00:00,0
18131931931458247,carasal,So gross ğŸ¤®ğŸ¤®ğŸ¤®,2025-09-17 02:12:52+00:00,0
18077250956293555,chiuleny8888,"So so sub standard like the pouring of cement, column grid were cheaply installed.ğŸ˜¡ğŸ˜¡",2025-09-17 01:58:10+00:00,0
18417806584109076,purplerainboww,Hulihin na yang mga mandarambong! Puro kayo balita at pag iimbistiga. Nag imbistiga na ang Dyos at puro palpak ang flood control nyo!,2025-09-17 01:57:10+00:00,0
18083882728909240,enrile_eugene,ğŸ˜®ğŸ˜®ğŸ˜®,2025-09-17 01:52:42+00:00,0
17886184503360039,filipinamimi,ğŸ˜¡,2025-09-17 01:45:33+00:00,0
18056496551177880,jollmetal_alchemist,WTF.  People die in floods.,2025-09-17 01:35:38+00:00,0
18070868807149301,stillthatgirlzoe,Grabe kayoooooo!!!,2025-09-17 01:29:48+00:00,0
18067240033997595,liag17,Kakapal ng mukha talaga ng mga garapal na magnanakaw na mga ito!,2025-09-17 01:22:06+00:00,0
17908304709092045,chadhawaiian1,ğŸ¤¬ğŸ¤¬ğŸ¤¬,2025-09-17 01:15:54+00:00,0
18126409015474049,__9mkix,si herbert bautista nakulong sa ginawa nya tapos eto harapan na mga pruweba pero wala parin nakukulong ğŸ˜‚ğŸ˜‚ğŸ˜‚,2025-09-17 01:03:33+00:00,0
17854260963535739,tommeneses,FIND THE CULPRITS AND MAKE THEM PAY WITH ASSET FORTEITURE AND PRISON TIME!,2025-09-17 01:02:56+00:00,0
18024826502722226,mdlgdo,Substandard? ğŸ˜‚ tang ina nyu di na substandard yan,2025-09-17 00:50:55+00:00,0
18529231864053656,jemcoqui,ğŸ”¥ğŸ”¥ğŸ”¥ğŸ”¥,2025-09-17 00:49:30+00:00,0
18067490621211684,dworldwelive,These people no shame at all! They are the worst of the worst human being.,2025-09-17 00:33:38+00:00,0
18155520346386956,lizdan14,OMG ğŸ˜­ğŸ˜­ğŸ˜­,2025-09-17 00:24:01+00:00,0
17906965467247253,im.yan19,Pag wala talagang makukulong tanginang gobyerno talaga to,2025-09-17 00:12:10+00:00,0
18090305188817742,dm8yb0nd,daanan po yan ng moisture ng lupa pero tinipid talaga sa bakal hahaha,2025-09-17 00:11:55+00:00,0
18135578563436048,santamonicachai,Grabe!!! Corrupt to the max!,2025-09-17 00:10:26+00:00,0
18063540983604523,donwisho,Still no one has been convicted ğŸ¤¨,2025-09-17 00:01:49+00:00,0
18095981032637124,jeffbarrass,"They stole, they allowed people to die, there should be no discussion, only jail",2025-09-17 00:01:27+00:00,0
18042070226681064,mnlmrsinister,Mas.magaling talaga si foreman kaysa kay engineer pag mga anomalya,2025-09-16 23:56:05+00:00,0
17909190513216301,annfathomable,Pano yung sa philhealth? Yung sa iba na tinaasan niyp pa lalo ng contribution sino nanagot doon? Pinaresign or ano? Ano ba,2025-09-16 23:44:53+00:00,0
17923963320134467,jenuy722,"Grabe yung greed!! Dapat ibaba ang tax na kinakaltas, di naman maayos yung paggamit ng fundsğŸ˜¢ pinopondohan lang natin mha luho nila!!!!",2025-09-16 23:39:48+00:00,0
18102186358609876,clyder_358,Napakaput@^~$$\,2025-09-16 23:15:05+00:00,0
18056023364392939,anna_bau616,What about Mark Villar?,2025-09-15 16:01:34+00:00,0
17977034186872828,tutsaseron,Galing. Wala pa ring banggitan sa mga #Villar,2025-09-15 23:35:21+00:00,0
17991173903696835,penapeterjames,ğŸ˜¢,2025-09-15 15:26:25+00:00,0
17867987835372017,felinejourneys,Grabe. Talamak! Walang kahihiyan!,2025-09-17 00:24:04+00:00,0
18001316078703740,becbec_dumelod,Grabe!!!!!,2025-09-15 22:51:48+00:00,0
17875453758411717,cloudy_cooper,ğŸ˜©ğŸ˜©ğŸ˜©ğŸ¤¦â€â™€ï¸,2025-09-15 16:33:06+00:00,0
18074599217086127,abe_ka_14ever,Dismissed? How about putting them to prison? Unfair naman kung hindi sila makukulong at kukunin ang mga ari arian nila! ğŸ”¥ğŸ”¥ğŸ”¥,2025-09-15 21:13:54+00:00,0
17987083190716968,ride.junkie,Harap harapan na! GGRABE!!!,2025-09-15 23:00:30+00:00,0
18065643002209311,ydnanny,"Grabe n to,tama nga po c Sen.Lacson dpat po d2 panagutin din at makulong..",2025-09-16 22:54:14+00:00,0
18041245847405478,ira.corner2024,"Bakit hindi i penalize for their actions? Pag private employee to, sibak ka na, may case pa.",2025-09-16 02:30:39+00:00,0
18082877755931249,nanz_ontherocks,La son is right,2025-09-15 20:11:18+00:00,0
18110767993481715,mrk.lji,ğŸ˜¡ğŸ˜¡ğŸ˜¡,2025-09-15 16:20:37+00:00,0
18110529367550746,eypi_angeles,Kaya pala petiks-petiks sya nung sya pa yung sec.. hindi natin nakita sa kanya yung gigil at galit tulad kay sec vince,2025-09-15 23:58:08+00:00,0
18071931008163259,coritoparedes,Sama nyo si MARK VILLAR during Duterte Admin .,2025-09-16 04:49:30+00:00,0
18093504103669809,dinoguan126,dismissal lang? di nakulong?!,2025-09-15 20:02:25+00:00,0
17872068012425736,jangoinocencio,ikulong Sec.bonoan and his co owner of MBB..sindicate tge govt..2.5billions,2025-09-17 14:01:03+00:00,0
18536992399001999,danmags1958,Firing squad for them is meritorious.,2025-09-17 01:37:01+00:00,0
18287833624272443,marioreyes9491,"THAT'S WHAT WE ARE TALKING ABOUT, LEADER OF PLUNDERERS, AND MARK VILLAR, HE MIGHT BE THE BIGGEST PLUNDERER, IT RUNS IN THE FAMIKY. ğŸ˜¢ğŸ˜¢ğŸ˜¢ğŸ˜¢ğŸ˜¢",2025-09-17 01:28:29+00:00,0
18038415200473468,ai_ron,"kasuhan na mga yan, may proof of securing the contract then no project exist or in assessment not worth the costâ€¦enough basis to file charges to everyone involved may conflict of interest sa politician",2025-09-16 23:16:53+00:00,0
18068296676465929,idannlouis,Shameful disgusting appalling. All corrupt.,2025-09-16 23:08:30+00:00,0
18086689603883347,emillierolly,sana ma ibestigahan agadğŸ˜¢ğŸ˜¢ğŸ˜¢,2025-09-16 20:54:17+00:00,0
18317221525242867,jpg525,Tell me walang influence si Bonoan para ma-award ang projects sa mga kasosyo ng anak nya sa negosyo. Kaya yang divestment hindi lang dapat sa public officials. Dapat pati families nila walang negosyo na kaylangang protektahan at palakihin.,2025-09-16 05:26:28+00:00,0
18074974609870172,missrexygo,These demonyos should be jailed and have their assets frozen and given back to the public.,2025-09-16 05:23:35+00:00,0
17991148244702260,riveragronsky,Kaya protektado kasi tiba tiba,2025-09-16 05:18:09+00:00,0
18525420688063620,laarnimyaw,Aaaaand the plot thickensssss,2025-09-16 04:37:47+00:00,0
18080665211502294,chikitita71,"Pano yan? Cayetano mentioned wala da wala batas na dapat isauli yung nakaw na pera by the accused. Kaya naman pala ang tatapang nilang magnakaw through the years. Mag assign/deploy lang sila ng pawn/bagman, mission accomplished na! Hence, colateral damage na lang tayo? Saan papunta ito? Di sapat ang imprisonment!!!
Di ba na palaya nga ang plunderers? Nakaka pagod nang umasa!!!ğŸ˜¢ ğŸ˜¢ğŸ˜¢",2025-09-16 02:08:16+00:00,0
18083937682820094,javierkarl700,Walang nag retire sa DPWH na hindi milyonaryo...baka nga bilyonaryo pa,2025-09-15 23:50:56+00:00,0
18088016182836059,mariswa,Ang tindi,2025-09-15 22:33:44+00:00,0
18326981974230109,yenguccia,"Senators and congressmen, governors and mayors meron din mga yan",2025-09-15 22:12:28+00:00,0
18528068161057263,benjieboncales,mamatay nalang nag nakaw pa,2025-09-15 21:59:10+00:00,0
18173872141345514,gynelsnapshots,They should rot in jail! This how you study and steal hard people money huh!,2025-09-15 21:50:22+00:00,0
18142139419422870,emil6847,dami magnanakaw tlga ğŸ˜¢ğŸ˜¢,2025-09-15 16:53:49+00:00,0
17946150750043888,kathbicaldo,"Who's who .. reveals who walks free.. isnâ€™t just about corruption â€” itâ€™s about the network that Protects it.A strategic cover up to a corrupt systems for the political survival. 
#TruthWithAccountability 
#DiscerningVoicesMatter",2025-09-15 16:53:18+00:00,0
18071067505921743,no_habla_catfish,Haaay. Sana meron talaga ma.... ifykyk.. kahit isa lang. Haha. Sure kalahti jan titigil.,2025-09-15 16:29:16+00:00,0
18096742399576829,littlerock2873,Grabe ex- DPWH SECRETARY NANGUNGUNA sa pagnanakaw ng tax payers money !!! Go to jail kasama mga anak nyo !,2025-09-15 15:47:03+00:00,0
17882240838262776,koooooooooookksssss,ğŸ¤¡ğŸ¤®ğŸ¤¬ #MgaGAHAMAN,2025-09-15 15:36:39+00:00,0
